image,size,file_path,action,hash
disk_100MB.img,100mb,/copy_142_alice.txt,corrupted,3d1c32addecbd502585e26a1dadfe467897f7242f3e1d3830e651b89e19b2718
disk_100MB.img,100mb,/copy_117_file1.pdf,keep,3df79d34abbca99308e79cb94461c1893582604d68329a41fd4bec1885e6adb4
disk_100MB.img,100mb,/copy_209_alice.docx,corrupted,0037b335e532f250a1268bf2da50a0820a0cce6c47542834516c950c223ab538
disk_100MB.img,100mb,/copy_243_file2.jpg,keep,c4e870d358d64ce677e958c156d0e3fba466993d8e915fc81c5dc64937a9b696
disk_100MB.img,100mb,/copy_446_alice.txt,keep,a3a27f8edbf7fcd9b8ba8435494440e24952deaa3e2f2d65192d4cb7ca403754
disk_100MB.img,100mb,/copy_166_alice.txt,deleted,
disk_100MB.img,100mb,/copy_223_pride.txt,keep,eae7160bb8fa508969f243e9c058a208008785f0a3e6180b0476d42e9660b58b
disk_100MB.img,100mb,/copy_47_pride.txt,keep,eae7160bb8fa508969f243e9c058a208008785f0a3e6180b0476d42e9660b58b
disk_100MB.img,100mb,/copy_201_alice.docx,keep,65da0a0dcf6cc66555877a08fc239e8cc08086cd7ea09200795c966d43827ec3
disk_100MB.img,100mb,/copy_10_file1.jpg,keep,9efad1451dbd0053c878d36d82d3c8f1be4a80e0329486cadf3211014f8a8ae4
disk_100MB.img,100mb,/copy_179_file2.jpg,keep,c4e870d358d64ce677e958c156d0e3fba466993d8e915fc81c5dc64937a9b696
disk_100MB.img,100mb,/copy_39_pride.txt,keep,eae7160bb8fa508969f243e9c058a208008785f0a3e6180b0476d42e9660b58b
disk_100MB.img,100mb,/copy_429_file1.pdf,keep,3df79d34abbca99308e79cb94461c1893582604d68329a41fd4bec1885e6adb4
disk_100MB.img,100mb,/copy_119_pride.txt,keep,eae7160bb8fa508969f243e9c058a208008785f0a3e6180b0476d42e9660b58b
disk_100MB.img,100mb,/copy_177_alice.docx,deleted,
disk_100MB.img,100mb,/copy_237_file1.pdf,keep,3df79d34abbca99308e79cb94461c1893582604d68329a41fd4bec1885e6adb4
disk_100MB.img,100mb,/copy_413_file1.pdf,keep,3df79d34abbca99308e79cb94461c1893582604d68329a41fd4bec1885e6adb4
disk_100MB.img,100mb,/copy_1_alice.docx,keep,65da0a0dcf6cc66555877a08fc239e8cc08086cd7ea09200795c966d43827ec3
disk_100MB.img,100mb,/copy_93_file1.pdf,deleted,
disk_100MB.img,100mb,/copy_270_alice.txt,keep,a3a27f8edbf7fcd9b8ba8435494440e24952deaa3e2f2d65192d4cb7ca403754
disk_100MB.img,100mb,/copy_15_pride.txt,deleted,
disk_100MB.img,100mb,/copy_50_file1.jpg,keep,9efad1451dbd0053c878d36d82d3c8f1be4a80e0329486cadf3211014f8a8ae4
disk_100MB.img,100mb,/copy_43_file2.jpg,keep,c4e870d358d64ce677e958c156d0e3fba466993d8e915fc81c5dc64937a9b696
disk_100MB.img,100mb,/copy_353_alice.docx,keep,65da0a0dcf6cc66555877a08fc239e8cc08086cd7ea09200795c966d43827ec3
disk_100MB.img,100mb,/copy_421_file1.pdf,keep,3df79d34abbca99308e79cb94461c1893582604d68329a41fd4bec1885e6adb4
disk_100MB.img,100mb,/copy_79_pride.txt,keep,eae7160bb8fa508969f243e9c058a208008785f0a3e6180b0476d42e9660b58b
disk_100MB.img,100mb,/copy_147_file2.jpg,keep,c4e870d358d64ce677e958c156d0e3fba466993d8e915fc81c5dc64937a9b696
disk_100MB.img,100mb,/copy_440_pride.docx,corrupted,c89eb30e7a7fae11358c2a55e3524f825e3202268ca3b25c5dd68f6f1bbb5920
disk_100MB.img,100mb,/copy_36_file2.pdf,keep,f6edcd8a1b4f7cb85486d0c6777f9174eadbc4d1d0d9e5aeba7132f30b34bc3e
disk_100MB.img,100mb,/copy_263_pride.txt,keep,eae7160bb8fa508969f243e9c058a208008785f0a3e6180b0476d42e9660b58b
disk_100MB.img,100mb,/copy_443_file2.jpg,deleted,
disk_100MB.img,100mb,/copy_196_file2.pdf,corrupted,be6df9cd171b3c6195e26928e0054a265971948cf51baf3a58e0dd0478586894
disk_100MB.img,100mb,/copy_251_file2.jpg,corrupted,a72c801de9134f81f052d5ba8ae189f80088959ad64f3db87089436b68afb1ce
disk_100MB.img,100mb,/copy_203_file2.jpg,deleted,
disk_100MB.img,100mb,/copy_59_file2.jpg,keep,c4e870d358d64ce677e958c156d0e3fba466993d8e915fc81c5dc64937a9b696
disk_100MB.img,100mb,/copy_103_pride.txt,keep,eae7160bb8fa508969f243e9c058a208008785f0a3e6180b0476d42e9660b58b
disk_100MB.img,100mb,/copy_106_file1.jpg,keep,9efad1451dbd0053c878d36d82d3c8f1be4a80e0329486cadf3211014f8a8ae4
disk_100MB.img,100mb,/copy_150_alice.txt,keep,a3a27f8edbf7fcd9b8ba8435494440e24952deaa3e2f2d65192d4cb7ca403754
disk_100MB.img,100mb,/copy_23_pride.txt,keep,eae7160bb8fa508969f243e9c058a208008785f0a3e6180b0476d42e9660b58b
disk_100MB.img,100mb,/copy_375_pride.txt,deleted,
disk_100MB.img,100mb,/copy_80_pride.docx,keep,8f97417834b66a2096f85d404679b71a2aed4fd67a3c5686cc6d8271dab5bab5
disk_100MB.img,100mb,/copy_128_pride.docx,keep,8f97417834b66a2096f85d404679b71a2aed4fd67a3c5686cc6d8271dab5bab5
disk_100MB.img,100mb,/copy_67_file2.jpg,keep,c4e870d358d64ce677e958c156d0e3fba466993d8e915fc81c5dc64937a9b696
disk_100MB.img,100mb,/copy_81_alice.docx,deleted,
disk_100MB.img,100mb,/copy_386_file1.jpg,keep,9efad1451dbd0053c878d36d82d3c8f1be4a80e0329486cadf3211014f8a8ae4
disk_100MB.img,100mb,/copy_202_file1.jpg,keep,9efad1451dbd0053c878d36d82d3c8f1be4a80e0329486cadf3211014f8a8ae4
disk_100MB.img,100mb,/copy_235_file2.jpg,keep,c4e870d358d64ce677e958c156d0e3fba466993d8e915fc81c5dc64937a9b696
disk_100MB.img,100mb,/copy_14_alice.txt,keep,a3a27f8edbf7fcd9b8ba8435494440e24952deaa3e2f2d65192d4cb7ca403754
disk_100MB.img,100mb,/copy_12_file2.pdf,keep,f6edcd8a1b4f7cb85486d0c6777f9174eadbc4d1d0d9e5aeba7132f30b34bc3e
disk_100MB.img,100mb,/copy_96_pride.docx,keep,8f97417834b66a2096f85d404679b71a2aed4fd67a3c5686cc6d8271dab5bab5
disk_100MB.img,100mb,/copy_410_file1.jpg,keep,9efad1451dbd0053c878d36d82d3c8f1be4a80e0329486cadf3211014f8a8ae4
disk_100MB.img,100mb,/copy_42_file1.jpg,deleted,
disk_100MB.img,100mb,/copy_456_pride.docx,deleted,
disk_100MB.img,100mb,/copy_313_alice.docx,keep,65da0a0dcf6cc66555877a08fc239e8cc08086cd7ea09200795c966d43827ec3
disk_100MB.img,100mb,/copy_253_file1.pdf,deleted,
disk_100MB.img,100mb,/copy_382_alice.txt,keep,a3a27f8edbf7fcd9b8ba8435494440e24952deaa3e2f2d65192d4cb7ca403754
disk_100MB.img,100mb,/copy_376_pride.docx,keep,8f97417834b66a2096f85d404679b71a2aed4fd67a3c5686cc6d8271dab5bab5
disk_100MB.img,100mb,/copy_54_alice.txt,keep,a3a27f8edbf7fcd9b8ba8435494440e24952deaa3e2f2d65192d4cb7ca403754
disk_100MB.img,100mb,/copy_132_file2.pdf,keep,f6edcd8a1b4f7cb85486d0c6777f9174eadbc4d1d0d9e5aeba7132f30b34bc3e
disk_100MB.img,100mb,/copy_234_file1.jpg,keep,9efad1451dbd0053c878d36d82d3c8f1be4a80e0329486cadf3211014f8a8ae4
disk_100MB.img,100mb,/copy_221_file1.pdf,deleted,
disk_100MB.img,100mb,/copy_374_alice.txt,keep,a3a27f8edbf7fcd9b8ba8435494440e24952deaa3e2f2d65192d4cb7ca403754
disk_100MB.img,100mb,/copy_415_pride.txt,deleted,
disk_100MB.img,100mb,/copy_53_file1.pdf,keep,3df79d34abbca99308e79cb94461c1893582604d68329a41fd4bec1885e6adb4
disk_100MB.img,100mb,/copy_315_file2.jpg,keep,c4e870d358d64ce677e958c156d0e3fba466993d8e915fc81c5dc64937a9b696
disk_100MB.img,100mb,/copy_299_file2.jpg,keep,c4e870d358d64ce677e958c156d0e3fba466993d8e915fc81c5dc64937a9b696
disk_100MB.img,100mb,/copy_392_pride.docx,corrupted,c89eb30e7a7fae11358c2a55e3524f825e3202268ca3b25c5dd68f6f1bbb5920
disk_100MB.img,100mb,/copy_229_file1.pdf,deleted,
disk_100MB.img,100mb,/copy_304_pride.docx,keep,8f97417834b66a2096f85d404679b71a2aed4fd67a3c5686cc6d8271dab5bab5
disk_100MB.img,100mb,/copy_284_file2.pdf,keep,f6edcd8a1b4f7cb85486d0c6777f9174eadbc4d1d0d9e5aeba7132f30b34bc3e
disk_100MB.img,100mb,/copy_141_file1.pdf,keep,3df79d34abbca99308e79cb94461c1893582604d68329a41fd4bec1885e6adb4
disk_100MB.img,100mb,/copy_178_file1.jpg,deleted,
disk_100MB.img,100mb,/copy_372_file2.pdf,corrupted,be6df9cd171b3c6195e26928e0054a265971948cf51baf3a58e0dd0478586894
disk_100MB.img,100mb,/copy_24_pride.docx,deleted,
disk_100MB.img,100mb,/copy_27_file2.jpg,keep,c4e870d358d64ce677e958c156d0e3fba466993d8e915fc81c5dc64937a9b696
disk_100MB.img,100mb,/copy_123_file2.jpg,keep,c4e870d358d64ce677e958c156d0e3fba466993d8e915fc81c5dc64937a9b696
disk_100MB.img,100mb,/copy_282_file1.jpg,deleted,
disk_100MB.img,100mb,/copy_205_file1.pdf,corrupted,5963580a2b442b9e4f4714b4bf0b7dc6609610e7d53d04e196253b8cc699b147
disk_100MB.img,100mb,/copy_192_pride.docx,keep,8f97417834b66a2096f85d404679b71a2aed4fd67a3c5686cc6d8271dab5bab5
disk_100MB.img,100mb,/copy_158_alice.txt,corrupted,3d1c32addecbd502585e26a1dadfe467897f7242f3e1d3830e651b89e19b2718
disk_100MB.img,100mb,/copy_169_alice.docx,keep,65da0a0dcf6cc66555877a08fc239e8cc08086cd7ea09200795c966d43827ec3
disk_100MB.img,100mb,/copy_208_pride.docx,keep,8f97417834b66a2096f85d404679b71a2aed4fd67a3c5686cc6d8271dab5bab5
disk_100MB.img,100mb,/copy_445_file1.pdf,keep,3df79d34abbca99308e79cb94461c1893582604d68329a41fd4bec1885e6adb4
disk_100MB.img,100mb,/copy_157_file1.pdf,keep,3df79d34abbca99308e79cb94461c1893582604d68329a41fd4bec1885e6adb4
disk_100MB.img,100mb,/copy_324_file2.pdf,keep,f6edcd8a1b4f7cb85486d0c6777f9174eadbc4d1d0d9e5aeba7132f30b34bc3e
disk_100MB.img,100mb,/copy_292_file2.pdf,deleted,
disk_100MB.img,100mb,/copy_224_pride.docx,keep,8f97417834b66a2096f85d404679b71a2aed4fd67a3c5686cc6d8271dab5bab5
disk_100MB.img,100mb,/copy_65_alice.docx,keep,65da0a0dcf6cc66555877a08fc239e8cc08086cd7ea09200795c966d43827ec3
disk_100MB.img,100mb,/copy_82_file1.jpg,keep,9efad1451dbd0053c878d36d82d3c8f1be4a80e0329486cadf3211014f8a8ae4
disk_100MB.img,100mb,/copy_46_alice.txt,keep,a3a27f8edbf7fcd9b8ba8435494440e24952deaa3e2f2d65192d4cb7ca403754
disk_100MB.img,100mb,/copy_151_pride.txt,deleted,
disk_100MB.img,100mb,/copy_78_alice.txt,deleted,
disk_100MB.img,100mb,/copy_217_alice.docx,keep,65da0a0dcf6cc66555877a08fc239e8cc08086cd7ea09200795c966d43827ec3
disk_100MB.img,100mb,/copy_193_alice.docx,keep,65da0a0dcf6cc66555877a08fc239e8cc08086cd7ea09200795c966d43827ec3
disk_100MB.img,100mb,/copy_399_pride.txt,keep,eae7160bb8fa508969f243e9c058a208008785f0a3e6180b0476d42e9660b58b
disk_100MB.img,100mb,/copy_322_file1.jpg,deleted,
disk_100MB.img,100mb,/copy_347_file2.jpg,keep,c4e870d358d64ce677e958c156d0e3fba466993d8e915fc81c5dc64937a9b696
disk_100MB.img,100mb,/copy_99_file2.jpg,keep,c4e870d358d64ce677e958c156d0e3fba466993d8e915fc81c5dc64937a9b696
disk_100MB.img,100mb,/copy_248_pride.docx,deleted,
disk_100MB.img,100mb,/copy_254_alice.txt,keep,a3a27f8edbf7fcd9b8ba8435494440e24952deaa3e2f2d65192d4cb7ca403754
disk_100MB.img,100mb,/copy_175_pride.txt,keep,eae7160bb8fa508969f243e9c058a208008785f0a3e6180b0476d42e9660b58b
disk_100MB.img,100mb,/copy_233_alice.docx,keep,65da0a0dcf6cc66555877a08fc239e8cc08086cd7ea09200795c966d43827ec3
disk_100MB.img,100mb,/copy_447_pride.txt,keep,eae7160bb8fa508969f243e9c058a208008785f0a3e6180b0476d42e9660b58b
disk_100MB.img,100mb,/copy_121_alice.docx,keep,65da0a0dcf6cc66555877a08fc239e8cc08086cd7ea09200795c966d43827ec3
disk_100MB.img,100mb,/copy_30_alice.txt,keep,a3a27f8edbf7fcd9b8ba8435494440e24952deaa3e2f2d65192d4cb7ca403754
disk_100MB.img,100mb,/copy_380_file2.pdf,keep,f6edcd8a1b4f7cb85486d0c6777f9174eadbc4d1d0d9e5aeba7132f30b34bc3e
disk_100MB.img,100mb,/copy_290_file1.jpg,keep,9efad1451dbd0053c878d36d82d3c8f1be4a80e0329486cadf3211014f8a8ae4
disk_100MB.img,100mb,/copy_303_pride.txt,keep,eae7160bb8fa508969f243e9c058a208008785f0a3e6180b0476d42e9660b58b
disk_100MB.img,100mb,/copy_110_alice.txt,keep,a3a27f8edbf7fcd9b8ba8435494440e24952deaa3e2f2d65192d4cb7ca403754
disk_100MB.img,100mb,/copy_194_file1.jpg,deleted,
disk_100MB.img,100mb,/copy_37_file1.pdf,keep,3df79d34abbca99308e79cb94461c1893582604d68329a41fd4bec1885e6adb4
disk_100MB.img,100mb,/copy_74_file1.jpg,keep,9efad1451dbd0053c878d36d82d3c8f1be4a80e0329486cadf3211014f8a8ae4
disk_100MB.img,100mb,/copy_430_alice.txt,keep,a3a27f8edbf7fcd9b8ba8435494440e24952deaa3e2f2d65192d4cb7ca403754
disk_100MB.img,100mb,/copy_335_pride.txt,keep,eae7160bb8fa508969f243e9c058a208008785f0a3e6180b0476d42e9660b58b
disk_100MB.img,100mb,/copy_140_file2.pdf,keep,f6edcd8a1b4f7cb85486d0c6777f9174eadbc4d1d0d9e5aeba7132f30b34bc3e
disk_100MB.img,100mb,/copy_11_file2.jpg,keep,c4e870d358d64ce677e958c156d0e3fba466993d8e915fc81c5dc64937a9b696
disk_100MB.img,100mb,/copy_162_file1.jpg,keep,9efad1451dbd0053c878d36d82d3c8f1be4a80e0329486cadf3211014f8a8ae4
disk_100MB.img,100mb,/copy_444_file2.pdf,keep,f6edcd8a1b4f7cb85486d0c6777f9174eadbc4d1d0d9e5aeba7132f30b34bc3e
disk_100MB.img,100mb,/copy_170_file1.jpg,corrupted,2665fa8516d8ceda7b7bb9b8dc1a1056d62bc6afab986fa87a87c417bc00cfe1
disk_100MB.img,100mb,/copy_427_file2.jpg,keep,c4e870d358d64ce677e958c156d0e3fba466993d8e915fc81c5dc64937a9b696
disk_100MB.img,100mb,/copy_441_alice.docx,corrupted,0037b335e532f250a1268bf2da50a0820a0cce6c47542834516c950c223ab538
disk_100MB.img,100mb,/copy_22_alice.txt,deleted,
disk_100MB.img,100mb,/copy_204_file2.pdf,keep,f6edcd8a1b4f7cb85486d0c6777f9174eadbc4d1d0d9e5aeba7132f30b34bc3e
disk_100MB.img,100mb,/copy_452_file2.pdf,keep,f6edcd8a1b4f7cb85486d0c6777f9174eadbc4d1d0d9e5aeba7132f30b34bc3e
disk_100MB.img,100mb,/copy_370_file1.jpg,keep,9efad1451dbd0053c878d36d82d3c8f1be4a80e0329486cadf3211014f8a8ae4
disk_100MB.img,100mb,/copy_405_file1.pdf,keep,3df79d34abbca99308e79cb94461c1893582604d68329a41fd4bec1885e6adb4
disk_100MB.img,100mb,/copy_176_pride.docx,keep,8f97417834b66a2096f85d404679b71a2aed4fd67a3c5686cc6d8271dab5bab5
disk_100MB.img,100mb,/copy_357_file1.pdf,corrupted,5963580a2b442b9e4f4714b4bf0b7dc6609610e7d53d04e196253b8cc699b147
disk_100MB.img,100mb,/copy_281_alice.docx,keep,65da0a0dcf6cc66555877a08fc239e8cc08086cd7ea09200795c966d43827ec3
disk_100MB.img,100mb,/copy_94_alice.txt,deleted,
disk_100MB.img,100mb,/copy_125_file1.pdf,deleted,
disk_100MB.img,100mb,/copy_58_file1.jpg,corrupted,2665fa8516d8ceda7b7bb9b8dc1a1056d62bc6afab986fa87a87c417bc00cfe1
disk_100MB.img,100mb,/copy_127_pride.txt,keep,eae7160bb8fa508969f243e9c058a208008785f0a3e6180b0476d42e9660b58b
disk_100MB.img,100mb,/copy_368_pride.docx,deleted,
disk_100MB.img,100mb,/copy_210_file1.jpg,deleted,
disk_100MB.img,100mb,/copy_146_file1.jpg,corrupted,2665fa8516d8ceda7b7bb9b8dc1a1056d62bc6afab986fa87a87c417bc00cfe1
disk_100MB.img,100mb,/copy_216_pride.docx,keep,8f97417834b66a2096f85d404679b71a2aed4fd67a3c5686cc6d8271dab5bab5
disk_100MB.img,100mb,/copy_112_pride.docx,deleted,
disk_100MB.img,100mb,/copy_56_pride.docx,keep,8f97417834b66a2096f85d404679b71a2aed4fd67a3c5686cc6d8271dab5bab5
disk_100MB.img,100mb,/copy_422_alice.txt,keep,a3a27f8edbf7fcd9b8ba8435494440e24952deaa3e2f2d65192d4cb7ca403754
disk_100MB.img,100mb,/copy_416_pride.docx,deleted,
disk_100MB.img,100mb,/copy_230_alice.txt,keep,a3a27f8edbf7fcd9b8ba8435494440e24952deaa3e2f2d65192d4cb7ca403754
disk_100MB.img,100mb,/copy_246_alice.txt,keep,a3a27f8edbf7fcd9b8ba8435494440e24952deaa3e2f2d65192d4cb7ca403754
disk_100MB.img,100mb,/copy_418_file1.jpg,keep,9efad1451dbd0053c878d36d82d3c8f1be4a80e0329486cadf3211014f8a8ae4
disk_100MB.img,100mb,/copy_337_alice.docx,keep,65da0a0dcf6cc66555877a08fc239e8cc08086cd7ea09200795c966d43827ec3
disk_100MB.img,100mb,/copy_41_alice.docx,keep,65da0a0dcf6cc66555877a08fc239e8cc08086cd7ea09200795c966d43827ec3
disk_100MB.img,100mb,/copy_385_alice.docx,keep,65da0a0dcf6cc66555877a08fc239e8cc08086cd7ea09200795c966d43827ec3
disk_100MB.img,100mb,/copy_398_alice.txt,deleted,
disk_100MB.img,100mb,/copy_305_alice.docx,deleted,
disk_100MB.img,100mb,/copy_404_file2.pdf,deleted,
disk_100MB.img,100mb,/copy_309_file1.pdf,keep,3df79d34abbca99308e79cb94461c1893582604d68329a41fd4bec1885e6adb4
disk_100MB.img,100mb,/copy_155_file2.jpg,corrupted,a72c801de9134f81f052d5ba8ae189f80088959ad64f3db87089436b68afb1ce
disk_100MB.img,100mb,/copy_336_pride.docx,keep,8f97417834b66a2096f85d404679b71a2aed4fd67a3c5686cc6d8271dab5bab5
disk_100MB.img,100mb,/copy_17_alice.docx,keep,65da0a0dcf6cc66555877a08fc239e8cc08086cd7ea09200795c966d43827ec3
disk_100MB.img,100mb,/copy_143_pride.txt,keep,eae7160bb8fa508969f243e9c058a208008785f0a3e6180b0476d42e9660b58b
disk_100MB.img,100mb,/copy_7_pride.txt,keep,eae7160bb8fa508969f243e9c058a208008785f0a3e6180b0476d42e9660b58b
disk_100MB.img,100mb,/copy_426_file1.jpg,keep,9efad1451dbd0053c878d36d82d3c8f1be4a80e0329486cadf3211014f8a8ae4
disk_100MB.img,100mb,/copy_358_alice.txt,keep,a3a27f8edbf7fcd9b8ba8435494440e24952deaa3e2f2d65192d4cb7ca403754
disk_100MB.img,100mb,/copy_451_file2.jpg,deleted,
disk_100MB.img,100mb,/copy_355_file2.jpg,keep,c4e870d358d64ce677e958c156d0e3fba466993d8e915fc81c5dc64937a9b696
disk_100MB.img,100mb,/copy_283_file2.jpg,keep,c4e870d358d64ce677e958c156d0e3fba466993d8e915fc81c5dc64937a9b696
disk_100MB.img,100mb,/copy_301_file1.pdf,keep,3df79d34abbca99308e79cb94461c1893582604d68329a41fd4bec1885e6adb4
disk_100MB.img,100mb,/copy_391_pride.txt,keep,eae7160bb8fa508969f243e9c058a208008785f0a3e6180b0476d42e9660b58b
disk_100MB.img,100mb,/copy_52_file2.pdf,deleted,
disk_100MB.img,100mb,/copy_89_alice.docx,keep,65da0a0dcf6cc66555877a08fc239e8cc08086cd7ea09200795c966d43827ec3
disk_100MB.img,100mb,/copy_184_pride.docx,corrupted,c89eb30e7a7fae11358c2a55e3524f825e3202268ca3b25c5dd68f6f1bbb5920
disk_100MB.img,100mb,/copy_90_file1.jpg,keep,9efad1451dbd0053c878d36d82d3c8f1be4a80e0329486cadf3211014f8a8ae4
disk_100MB.img,100mb,/copy_306_file1.jpg,keep,9efad1451dbd0053c878d36d82d3c8f1be4a80e0329486cadf3211014f8a8ae4
disk_100MB.img,100mb,/copy_213_file1.pdf,keep,3df79d34abbca99308e79cb94461c1893582604d68329a41fd4bec1885e6adb4
disk_100MB.img,100mb,/copy_189_file1.pdf,keep,3df79d34abbca99308e79cb94461c1893582604d68329a41fd4bec1885e6adb4
disk_100MB.img,100mb,/copy_408_pride.docx,deleted,
disk_100MB.img,100mb,/copy_69_file1.pdf,keep,3df79d34abbca99308e79cb94461c1893582604d68329a41fd4bec1885e6adb4
disk_100MB.img,100mb,/copy_264_pride.docx,deleted,
disk_100MB.img,100mb,/copy_294_alice.txt,deleted,
disk_100MB.img,100mb,/copy_28_file2.pdf,corrupted,be6df9cd171b3c6195e26928e0054a265971948cf51baf3a58e0dd0478586894
disk_100MB.img,100mb,/copy_163_file2.jpg,keep,c4e870d358d64ce677e958c156d0e3fba466993d8e915fc81c5dc64937a9b696
disk_100MB.img,100mb,/copy_323_file2.jpg,corrupted,a72c801de9134f81f052d5ba8ae189f80088959ad64f3db87089436b68afb1ce
disk_100MB.img,100mb,/copy_369_alice.docx,corrupted,0037b335e532f250a1268bf2da50a0820a0cce6c47542834516c950c223ab538
disk_100MB.img,100mb,/copy_145_alice.docx,keep,65da0a0dcf6cc66555877a08fc239e8cc08086cd7ea09200795c966d43827ec3
disk_100MB.img,100mb,/copy_298_file1.jpg,keep,9efad1451dbd0053c878d36d82d3c8f1be4a80e0329486cadf3211014f8a8ae4
disk_100MB.img,100mb,/copy_277_file1.pdf,keep,3df79d34abbca99308e79cb94461c1893582604d68329a41fd4bec1885e6adb4
disk_100MB.img,100mb,/copy_378_file1.jpg,keep,9efad1451dbd0053c878d36d82d3c8f1be4a80e0329486cadf3211014f8a8ae4
disk_100MB.img,100mb,/copy_136_pride.docx,keep,8f97417834b66a2096f85d404679b71a2aed4fd67a3c5686cc6d8271dab5bab5
disk_100MB.img,100mb,/copy_40_pride.docx,keep,8f97417834b66a2096f85d404679b71a2aed4fd67a3c5686cc6d8271dab5bab5
disk_100MB.img,100mb,/copy_351_pride.txt,keep,eae7160bb8fa508969f243e9c058a208008785f0a3e6180b0476d42e9660b58b
disk_100MB.img,100mb,/copy_32_pride.docx,keep,8f97417834b66a2096f85d404679b71a2aed4fd67a3c5686cc6d8271dab5bab5
disk_100MB.img,100mb,/copy_16_pride.docx,keep,8f97417834b66a2096f85d404679b71a2aed4fd67a3c5686cc6d8271dab5bab5
disk_100MB.img,100mb,/copy_395_file2.jpg,keep,c4e870d358d64ce677e958c156d0e3fba466993d8e915fc81c5dc64937a9b696
disk_100MB.img,100mb,/copy_31_pride.txt,keep,eae7160bb8fa508969f243e9c058a208008785f0a3e6180b0476d42e9660b58b
disk_100MB.img,100mb,/copy_341_file1.pdf,keep,3df79d34abbca99308e79cb94461c1893582604d68329a41fd4bec1885e6adb4
disk_100MB.img,100mb,/copy_197_file1.pdf,deleted,
disk_100MB.img,100mb,/copy_310_alice.txt,keep,a3a27f8edbf7fcd9b8ba8435494440e24952deaa3e2f2d65192d4cb7ca403754
disk_100MB.img,100mb,/copy_114_file1.jpg,keep,9efad1451dbd0053c878d36d82d3c8f1be4a80e0329486cadf3211014f8a8ae4
disk_100MB.img,100mb,/copy_383_pride.txt,corrupted,63ba77e407ad8ed112299fe11aee15138c334cdb160d4fcfb05007e416ef856f
disk_100MB.img,100mb,/copy_214_alice.txt,deleted,
disk_100MB.img,100mb,/copy_9_alice.docx,keep,65da0a0dcf6cc66555877a08fc239e8cc08086cd7ea09200795c966d43827ec3
disk_100MB.img,100mb,/copy_438_alice.txt,corrupted,3d1c32addecbd502585e26a1dadfe467897f7242f3e1d3830e651b89e19b2718
disk_100MB.img,100mb,/copy_245_file1.pdf,keep,3df79d34abbca99308e79cb94461c1893582604d68329a41fd4bec1885e6adb4
disk_100MB.img,100mb,/copy_387_file2.jpg,deleted,
disk_100MB.img,100mb,/copy_180_file2.pdf,deleted,
disk_100MB.img,100mb,/copy_297_alice.docx,corrupted,0037b335e532f250a1268bf2da50a0820a0cce6c47542834516c950c223ab538
disk_100MB.img,100mb,/copy_389_file1.pdf,keep,3df79d34abbca99308e79cb94461c1893582604d68329a41fd4bec1885e6adb4
disk_100MB.img,100mb,/copy_312_pride.docx,keep,8f97417834b66a2096f85d404679b71a2aed4fd67a3c5686cc6d8271dab5bab5
disk_100MB.img,100mb,/copy_29_file1.pdf,keep,3df79d34abbca99308e79cb94461c1893582604d68329a41fd4bec1885e6adb4
disk_100MB.img,100mb,/copy_439_pride.txt,keep,eae7160bb8fa508969f243e9c058a208008785f0a3e6180b0476d42e9660b58b
disk_100MB.img,100mb,/copy_25_alice.docx,keep,65da0a0dcf6cc66555877a08fc239e8cc08086cd7ea09200795c966d43827ec3
disk_100MB.img,100mb,/copy_433_alice.docx,keep,65da0a0dcf6cc66555877a08fc239e8cc08086cd7ea09200795c966d43827ec3
disk_100MB.img,100mb,/copy_293_file1.pdf,keep,3df79d34abbca99308e79cb94461c1893582604d68329a41fd4bec1885e6adb4
disk_100MB.img,100mb,/copy_26_file1.jpg,keep,9efad1451dbd0053c878d36d82d3c8f1be4a80e0329486cadf3211014f8a8ae4
disk_100MB.img,100mb,/copy_259_file2.jpg,keep,c4e870d358d64ce677e958c156d0e3fba466993d8e915fc81c5dc64937a9b696
disk_100MB.img,100mb,/copy_448_pride.docx,keep,8f97417834b66a2096f85d404679b71a2aed4fd67a3c5686cc6d8271dab5bab5
disk_100MB.img,100mb,/copy_18_file1.jpg,keep,9efad1451dbd0053c878d36d82d3c8f1be4a80e0329486cadf3211014f8a8ae4
disk_100MB.img,100mb,/copy_250_file1.jpg,keep,9efad1451dbd0053c878d36d82d3c8f1be4a80e0329486cadf3211014f8a8ae4
disk_100MB.img,100mb,/copy_365_file1.pdf,corrupted,5963580a2b442b9e4f4714b4bf0b7dc6609610e7d53d04e196253b8cc699b147
disk_100MB.img,100mb,/copy_366_alice.txt,keep,a3a27f8edbf7fcd9b8ba8435494440e24952deaa3e2f2d65192d4cb7ca403754
disk_100MB.img,100mb,/copy_225_alice.docx,keep,65da0a0dcf6cc66555877a08fc239e8cc08086cd7ea09200795c966d43827ec3
disk_100MB.img,100mb,/copy_231_pride.txt,keep,eae7160bb8fa508969f243e9c058a208008785f0a3e6180b0476d42e9660b58b
disk_100MB.img,100mb,/copy_4_file2.pdf,keep,f6edcd8a1b4f7cb85486d0c6777f9174eadbc4d1d0d9e5aeba7132f30b34bc3e
disk_100MB.img,100mb,/copy_330_file1.jpg,keep,9efad1451dbd0053c878d36d82d3c8f1be4a80e0329486cadf3211014f8a8ae4
disk_100MB.img,100mb,/copy_98_file1.jpg,keep,9efad1451dbd0053c878d36d82d3c8f1be4a80e0329486cadf3211014f8a8ae4
disk_100MB.img,100mb,/copy_34_file1.jpg,keep,9efad1451dbd0053c878d36d82d3c8f1be4a80e0329486cadf3211014f8a8ae4
disk_100MB.img,100mb,/copy_342_alice.txt,keep,a3a27f8edbf7fcd9b8ba8435494440e24952deaa3e2f2d65192d4cb7ca403754
disk_100MB.img,100mb,/copy_138_file1.jpg,keep,9efad1451dbd0053c878d36d82d3c8f1be4a80e0329486cadf3211014f8a8ae4
disk_100MB.img,100mb,/copy_455_pride.txt,keep,eae7160bb8fa508969f243e9c058a208008785f0a3e6180b0476d42e9660b58b
disk_100MB.img,100mb,/copy_120_pride.docx,corrupted,c89eb30e7a7fae11358c2a55e3524f825e3202268ca3b25c5dd68f6f1bbb5920
disk_100MB.img,100mb,/copy_394_file1.jpg,keep,9efad1451dbd0053c878d36d82d3c8f1be4a80e0329486cadf3211014f8a8ae4
disk_100MB.img,100mb,/copy_326_alice.txt,keep,a3a27f8edbf7fcd9b8ba8435494440e24952deaa3e2f2d65192d4cb7ca403754
disk_100MB.img,100mb,/copy_181_file1.pdf,keep,3df79d34abbca99308e79cb94461c1893582604d68329a41fd4bec1885e6adb4
disk_100MB.img,100mb,/copy_66_file1.jpg,deleted,
disk_100MB.img,100mb,/copy_61_file1.pdf,keep,3df79d34abbca99308e79cb94461c1893582604d68329a41fd4bec1885e6adb4
disk_100MB.img,100mb,/copy_101_file1.pdf,keep,3df79d34abbca99308e79cb94461c1893582604d68329a41fd4bec1885e6adb4
disk_100MB.img,100mb,/copy_295_pride.txt,keep,eae7160bb8fa508969f243e9c058a208008785f0a3e6180b0476d42e9660b58b
disk_100MB.img,100mb,/copy_431_pride.txt,keep,eae7160bb8fa508969f243e9c058a208008785f0a3e6180b0476d42e9660b58b
disk_100MB.img,100mb,/copy_64_pride.docx,keep,8f97417834b66a2096f85d404679b71a2aed4fd67a3c5686cc6d8271dab5bab5
disk_100MB.img,100mb,/copy_20_file2.pdf,keep,f6edcd8a1b4f7cb85486d0c6777f9174eadbc4d1d0d9e5aeba7132f30b34bc3e
disk_100MB.img,100mb,/copy_160_pride.docx,keep,8f97417834b66a2096f85d404679b71a2aed4fd67a3c5686cc6d8271dab5bab5
disk_100MB.img,100mb,/copy_195_file2.jpg,deleted,
disk_100MB.img,100mb,/copy_8_pride.docx,keep,8f97417834b66a2096f85d404679b71a2aed4fd67a3c5686cc6d8271dab5bab5
disk_100MB.img,100mb,/copy_144_pride.docx,keep,8f97417834b66a2096f85d404679b71a2aed4fd67a3c5686cc6d8271dab5bab5
disk_100MB.img,100mb,/copy_412_file2.pdf,deleted,
disk_100MB.img,100mb,/copy_244_file2.pdf,keep,f6edcd8a1b4f7cb85486d0c6777f9174eadbc4d1d0d9e5aeba7132f30b34bc3e
disk_100MB.img,100mb,/copy_425_alice.docx,deleted,
disk_100MB.img,100mb,/copy_73_alice.docx,keep,65da0a0dcf6cc66555877a08fc239e8cc08086cd7ea09200795c966d43827ec3
disk_100MB.img,100mb,/copy_260_file2.pdf,keep,f6edcd8a1b4f7cb85486d0c6777f9174eadbc4d1d0d9e5aeba7132f30b34bc3e
disk_100MB.img,100mb,/copy_83_file2.jpg,keep,c4e870d358d64ce677e958c156d0e3fba466993d8e915fc81c5dc64937a9b696
disk_100MB.img,100mb,/copy_435_file2.jpg,deleted,
disk_100MB.img,100mb,/copy_364_file2.pdf,keep,f6edcd8a1b4f7cb85486d0c6777f9174eadbc4d1d0d9e5aeba7132f30b34bc3e
disk_100MB.img,100mb,/copy_215_pride.txt,keep,eae7160bb8fa508969f243e9c058a208008785f0a3e6180b0476d42e9660b58b
disk_100MB.img,100mb,/copy_84_file2.pdf,keep,f6edcd8a1b4f7cb85486d0c6777f9174eadbc4d1d0d9e5aeba7132f30b34bc3e
disk_100MB.img,100mb,/copy_115_file2.jpg,keep,c4e870d358d64ce677e958c156d0e3fba466993d8e915fc81c5dc64937a9b696
disk_100MB.img,100mb,/copy_207_pride.txt,keep,eae7160bb8fa508969f243e9c058a208008785f0a3e6180b0476d42e9660b58b
disk_100MB.img,100mb,/copy_450_file1.jpg,keep,9efad1451dbd0053c878d36d82d3c8f1be4a80e0329486cadf3211014f8a8ae4
disk_100MB.img,100mb,/copy_340_file2.pdf,keep,f6edcd8a1b4f7cb85486d0c6777f9174eadbc4d1d0d9e5aeba7132f30b34bc3e
disk_100MB.img,100mb,/copy_33_alice.docx,deleted,
disk_100MB.img,100mb,/copy_109_file1.pdf,keep,3df79d34abbca99308e79cb94461c1893582604d68329a41fd4bec1885e6adb4
disk_100MB.img,100mb,/copy_401_alice.docx,keep,65da0a0dcf6cc66555877a08fc239e8cc08086cd7ea09200795c966d43827ec3
disk_100MB.img,100mb,/copy_63_pride.txt,keep,eae7160bb8fa508969f243e9c058a208008785f0a3e6180b0476d42e9660b58b
disk_100MB.img,100mb,/copy_267_file2.jpg,keep,c4e870d358d64ce677e958c156d0e3fba466993d8e915fc81c5dc64937a9b696
disk_100MB.img,100mb,/copy_252_file2.pdf,deleted,
disk_100MB.img,100mb,/copy_269_file1.pdf,keep,3df79d34abbca99308e79cb94461c1893582604d68329a41fd4bec1885e6adb4
disk_100MB.img,100mb,/copy_171_file2.jpg,keep,c4e870d358d64ce677e958c156d0e3fba466993d8e915fc81c5dc64937a9b696
disk_100MB.img,100mb,/copy_77_file1.pdf,deleted,
disk_100MB.img,100mb,/copy_280_pride.docx,keep,8f97417834b66a2096f85d404679b71a2aed4fd67a3c5686cc6d8271dab5bab5
disk_100MB.img,100mb,/copy_199_pride.txt,keep,eae7160bb8fa508969f243e9c058a208008785f0a3e6180b0476d42e9660b58b
disk_100MB.img,100mb,/copy_137_alice.docx,keep,65da0a0dcf6cc66555877a08fc239e8cc08086cd7ea09200795c966d43827ec3
disk_100MB.img,100mb,/copy_442_file1.jpg,keep,9efad1451dbd0053c878d36d82d3c8f1be4a80e0329486cadf3211014f8a8ae4
disk_100MB.img,100mb,/copy_346_file1.jpg,keep,9efad1451dbd0053c878d36d82d3c8f1be4a80e0329486cadf3211014f8a8ae4
disk_100MB.img,100mb,/copy_409_alice.docx,keep,65da0a0dcf6cc66555877a08fc239e8cc08086cd7ea09200795c966d43827ec3
disk_100MB.img,100mb,/copy_453_file1.pdf,deleted,
disk_100MB.img,100mb,/copy_265_alice.docx,corrupted,0037b335e532f250a1268bf2da50a0820a0cce6c47542834516c950c223ab538
disk_100MB.img,100mb,/copy_173_file1.pdf,deleted,
disk_100MB.img,100mb,/copy_328_pride.docx,keep,8f97417834b66a2096f85d404679b71a2aed4fd67a3c5686cc6d8271dab5bab5
disk_100MB.img,100mb,/copy_105_alice.docx,deleted,
disk_100MB.img,100mb,/copy_156_file2.pdf,corrupted,be6df9cd171b3c6195e26928e0054a265971948cf51baf3a58e0dd0478586894
disk_100MB.img,100mb,/copy_325_file1.pdf,keep,3df79d34abbca99308e79cb94461c1893582604d68329a41fd4bec1885e6adb4
disk_100MB.img,100mb,/copy_314_file1.jpg,keep,9efad1451dbd0053c878d36d82d3c8f1be4a80e0329486cadf3211014f8a8ae4
disk_100MB.img,100mb,/copy_249_alice.docx,corrupted,0037b335e532f250a1268bf2da50a0820a0cce6c47542834516c950c223ab538
disk_100MB.img,100mb,/copy_256_pride.docx,keep,8f97417834b66a2096f85d404679b71a2aed4fd67a3c5686cc6d8271dab5bab5
disk_100MB.img,100mb,/copy_356_file2.pdf,corrupted,be6df9cd171b3c6195e26928e0054a265971948cf51baf3a58e0dd0478586894
disk_100MB.img,100mb,/copy_0_pride.docx,corrupted,c89eb30e7a7fae11358c2a55e3524f825e3202268ca3b25c5dd68f6f1bbb5920
disk_100MB.img,100mb,/copy_60_file2.pdf,keep,f6edcd8a1b4f7cb85486d0c6777f9174eadbc4d1d0d9e5aeba7132f30b34bc3e
disk_100MB.img,100mb,/copy_436_file2.pdf,keep,f6edcd8a1b4f7cb85486d0c6777f9174eadbc4d1d0d9e5aeba7132f30b34bc3e
disk_100MB.img,100mb,/copy_88_pride.docx,deleted,
disk_100MB.img,100mb,/copy_165_file1.pdf,keep,3df79d34abbca99308e79cb94461c1893582604d68329a41fd4bec1885e6adb4
disk_100MB.img,100mb,/copy_390_alice.txt,deleted,
disk_100MB.img,100mb,/copy_62_alice.txt,corrupted,3d1c32addecbd502585e26a1dadfe467897f7242f3e1d3830e651b89e19b2718
disk_100MB.img,100mb,/copy_6_alice.txt,keep,a3a27f8edbf7fcd9b8ba8435494440e24952deaa3e2f2d65192d4cb7ca403754
disk_100MB.img,100mb,/copy_419_file2.jpg,keep,c4e870d358d64ce677e958c156d0e3fba466993d8e915fc81c5dc64937a9b696
disk_100MB.img,100mb,/copy_44_file2.pdf,keep,f6edcd8a1b4f7cb85486d0c6777f9174eadbc4d1d0d9e5aeba7132f30b34bc3e
disk_100MB.img,100mb,/copy_2_file1.jpg,keep,9efad1451dbd0053c878d36d82d3c8f1be4a80e0329486cadf3211014f8a8ae4
disk_100MB.img,100mb,/copy_107_file2.jpg,keep,c4e870d358d64ce677e958c156d0e3fba466993d8e915fc81c5dc64937a9b696
disk_100MB.img,100mb,/copy_219_file2.jpg,keep,c4e870d358d64ce677e958c156d0e3fba466993d8e915fc81c5dc64937a9b696
disk_100MB.img,100mb,/copy_108_file2.pdf,keep,f6edcd8a1b4f7cb85486d0c6777f9174eadbc4d1d0d9e5aeba7132f30b34bc3e
disk_100MB.img,100mb,/copy_45_file1.pdf,keep,3df79d34abbca99308e79cb94461c1893582604d68329a41fd4bec1885e6adb4
disk_100MB.img,100mb,/copy_35_file2.jpg,keep,c4e870d358d64ce677e958c156d0e3fba466993d8e915fc81c5dc64937a9b696
disk_100MB.img,100mb,/copy_307_file2.jpg,deleted,
disk_100MB.img,100mb,/copy_289_alice.docx,keep,65da0a0dcf6cc66555877a08fc239e8cc08086cd7ea09200795c966d43827ec3
disk_100MB.img,100mb,/copy_271_pride.txt,keep,eae7160bb8fa508969f243e9c058a208008785f0a3e6180b0476d42e9660b58b
disk_100MB.img,100mb,/copy_247_pride.txt,deleted,
disk_100MB.img,100mb,/copy_423_pride.txt,keep,eae7160bb8fa508969f243e9c058a208008785f0a3e6180b0476d42e9660b58b
disk_100MB.img,100mb,/copy_363_file2.jpg,deleted,
disk_100MB.img,100mb,/copy_454_alice.txt,deleted,
disk_100MB.img,100mb,/copy_273_alice.docx,keep,65da0a0dcf6cc66555877a08fc239e8cc08086cd7ea09200795c966d43827ec3
disk_100MB.img,100mb,/copy_384_pride.docx,keep,8f97417834b66a2096f85d404679b71a2aed4fd67a3c5686cc6d8271dab5bab5
disk_100MB.img,100mb,/copy_449_alice.docx,deleted,
disk_100MB.img,100mb,/copy_139_file2.jpg,deleted,
disk_100MB.img,100mb,/copy_206_alice.txt,keep,a3a27f8edbf7fcd9b8ba8435494440e24952deaa3e2f2d65192d4cb7ca403754
disk_100MB.img,100mb,/copy_70_alice.txt,keep,a3a27f8edbf7fcd9b8ba8435494440e24952deaa3e2f2d65192d4cb7ca403754
disk_100MB.img,100mb,/copy_126_alice.txt,deleted,
disk_100MB.img,100mb,/copy_92_file2.pdf,keep,f6edcd8a1b4f7cb85486d0c6777f9174eadbc4d1d0d9e5aeba7132f30b34bc3e
disk_100MB.img,100mb,/copy_361_alice.docx,keep,65da0a0dcf6cc66555877a08fc239e8cc08086cd7ea09200795c966d43827ec3
disk_100MB.img,100mb,/copy_286_alice.txt,keep,a3a27f8edbf7fcd9b8ba8435494440e24952deaa3e2f2d65192d4cb7ca403754
disk_100MB.img,100mb,/copy_275_file2.jpg,keep,c4e870d358d64ce677e958c156d0e3fba466993d8e915fc81c5dc64937a9b696
disk_100MB.img,100mb,/copy_266_file1.jpg,deleted,
disk_100MB.img,100mb,/copy_274_file1.jpg,keep,9efad1451dbd0053c878d36d82d3c8f1be4a80e0329486cadf3211014f8a8ae4
disk_100MB.img,100mb,/copy_360_pride.docx,keep,8f97417834b66a2096f85d404679b71a2aed4fd67a3c5686cc6d8271dab5bab5
disk_100MB.img,100mb,/copy_329_alice.docx,corrupted,0037b335e532f250a1268bf2da50a0820a0cce6c47542834516c950c223ab538
disk_100MB.img,100mb,/copy_131_file2.jpg,keep,c4e870d358d64ce677e958c156d0e3fba466993d8e915fc81c5dc64937a9b696
disk_100MB.img,100mb,/copy_327_pride.txt,keep,eae7160bb8fa508969f243e9c058a208008785f0a3e6180b0476d42e9660b58b
disk_100MB.img,100mb,/copy_116_file2.pdf,corrupted,be6df9cd171b3c6195e26928e0054a265971948cf51baf3a58e0dd0478586894
disk_100MB.img,100mb,/copy_338_file1.jpg,keep,9efad1451dbd0053c878d36d82d3c8f1be4a80e0329486cadf3211014f8a8ae4
disk_100MB.img,100mb,/copy_302_alice.txt,keep,a3a27f8edbf7fcd9b8ba8435494440e24952deaa3e2f2d65192d4cb7ca403754
disk_100MB.img,100mb,/copy_288_pride.docx,keep,8f97417834b66a2096f85d404679b71a2aed4fd67a3c5686cc6d8271dab5bab5
disk_100MB.img,100mb,/copy_424_pride.docx,deleted,
disk_100MB.img,100mb,/copy_300_file2.pdf,keep,f6edcd8a1b4f7cb85486d0c6777f9174eadbc4d1d0d9e5aeba7132f30b34bc3e
disk_100MB.img,100mb,/copy_258_file1.jpg,keep,9efad1451dbd0053c878d36d82d3c8f1be4a80e0329486cadf3211014f8a8ae4
disk_100MB.img,100mb,/copy_406_alice.txt,corrupted,3d1c32addecbd502585e26a1dadfe467897f7242f3e1d3830e651b89e19b2718
disk_100MB.img,100mb,/copy_135_pride.txt,keep,eae7160bb8fa508969f243e9c058a208008785f0a3e6180b0476d42e9660b58b
disk_100MB.img,100mb,/copy_344_pride.docx,deleted,
disk_100MB.img,100mb,/copy_403_file2.jpg,keep,c4e870d358d64ce677e958c156d0e3fba466993d8e915fc81c5dc64937a9b696
disk_100MB.img,100mb,/copy_268_file2.pdf,keep,f6edcd8a1b4f7cb85486d0c6777f9174eadbc4d1d0d9e5aeba7132f30b34bc3e
disk_100MB.img,100mb,/copy_255_pride.txt,keep,eae7160bb8fa508969f243e9c058a208008785f0a3e6180b0476d42e9660b58b
disk_100MB.img,100mb,/copy_172_file2.pdf,deleted,
disk_100MB.img,100mb,/copy_359_pride.txt,keep,eae7160bb8fa508969f243e9c058a208008785f0a3e6180b0476d42e9660b58b
disk_100MB.img,100mb,/copy_345_alice.docx,keep,65da0a0dcf6cc66555877a08fc239e8cc08086cd7ea09200795c966d43827ec3
disk_100MB.img,100mb,/copy_343_pride.txt,keep,eae7160bb8fa508969f243e9c058a208008785f0a3e6180b0476d42e9660b58b
disk_100MB.img,100mb,/copy_400_pride.docx,keep,8f97417834b66a2096f85d404679b71a2aed4fd67a3c5686cc6d8271dab5bab5
disk_100MB.img,100mb,/copy_220_file2.pdf,keep,f6edcd8a1b4f7cb85486d0c6777f9174eadbc4d1d0d9e5aeba7132f30b34bc3e
disk_100MB.img,100mb,/copy_57_alice.docx,keep,65da0a0dcf6cc66555877a08fc239e8cc08086cd7ea09200795c966d43827ec3
disk_100MB.img,100mb,/copy_149_file1.pdf,deleted,
disk_100MB.img,100mb,/copy_339_file2.jpg,keep,c4e870d358d64ce677e958c156d0e3fba466993d8e915fc81c5dc64937a9b696
disk_100MB.img,100mb,/copy_55_pride.txt,keep,eae7160bb8fa508969f243e9c058a208008785f0a3e6180b0476d42e9660b58b
disk_100MB.img,100mb,/copy_218_file1.jpg,keep,9efad1451dbd0053c878d36d82d3c8f1be4a80e0329486cadf3211014f8a8ae4
disk_100MB.img,100mb,/copy_211_file2.jpg,keep,c4e870d358d64ce677e958c156d0e3fba466993d8e915fc81c5dc64937a9b696
disk_100MB.img,100mb,/copy_388_file2.pdf,keep,f6edcd8a1b4f7cb85486d0c6777f9174eadbc4d1d0d9e5aeba7132f30b34bc3e
disk_100MB.img,100mb,/copy_276_file2.pdf,keep,f6edcd8a1b4f7cb85486d0c6777f9174eadbc4d1d0d9e5aeba7132f30b34bc3e
disk_100MB.img,100mb,/copy_396_file2.pdf,deleted,
disk_100MB.img,100mb,/copy_397_file1.pdf,keep,3df79d34abbca99308e79cb94461c1893582604d68329a41fd4bec1885e6adb4
disk_100MB.img,100mb,/copy_232_pride.docx,deleted,
disk_100MB.img,100mb,/copy_402_file1.jpg,keep,9efad1451dbd0053c878d36d82d3c8f1be4a80e0329486cadf3211014f8a8ae4
disk_100MB.img,100mb,/copy_167_pride.txt,keep,eae7160bb8fa508969f243e9c058a208008785f0a3e6180b0476d42e9660b58b
disk_100MB.img,100mb,/copy_393_alice.docx,corrupted,0037b335e532f250a1268bf2da50a0820a0cce6c47542834516c950c223ab538
disk_100MB.img,100mb,/copy_188_file2.pdf,keep,f6edcd8a1b4f7cb85486d0c6777f9174eadbc4d1d0d9e5aeba7132f30b34bc3e
disk_100MB.img,100mb,/copy_111_pride.txt,keep,eae7160bb8fa508969f243e9c058a208008785f0a3e6180b0476d42e9660b58b
disk_100MB.img,100mb,/copy_350_alice.txt,keep,a3a27f8edbf7fcd9b8ba8435494440e24952deaa3e2f2d65192d4cb7ca403754
disk_100MB.img,100mb,/copy_91_file2.jpg,corrupted,a72c801de9134f81f052d5ba8ae189f80088959ad64f3db87089436b68afb1ce
disk_100MB.img,100mb,/copy_377_alice.docx,keep,65da0a0dcf6cc66555877a08fc239e8cc08086cd7ea09200795c966d43827ec3
disk_100MB.img,100mb,/copy_85_file1.pdf,keep,3df79d34abbca99308e79cb94461c1893582604d68329a41fd4bec1885e6adb4
disk_100MB.img,100mb,/copy_291_file2.jpg,keep,c4e870d358d64ce677e958c156d0e3fba466993d8e915fc81c5dc64937a9b696
disk_100MB.img,100mb,/copy_51_file2.jpg,corrupted,a72c801de9134f81f052d5ba8ae189f80088959ad64f3db87089436b68afb1ce
disk_100MB.img,100mb,/copy_153_alice.docx,keep,65da0a0dcf6cc66555877a08fc239e8cc08086cd7ea09200795c966d43827ec3
disk_100MB.img,100mb,/copy_3_file2.jpg,keep,c4e870d358d64ce677e958c156d0e3fba466993d8e915fc81c5dc64937a9b696
disk_100MB.img,100mb,/copy_285_file1.pdf,keep,3df79d34abbca99308e79cb94461c1893582604d68329a41fd4bec1885e6adb4
disk_100MB.img,100mb,/copy_332_file2.pdf,keep,f6edcd8a1b4f7cb85486d0c6777f9174eadbc4d1d0d9e5aeba7132f30b34bc3e
disk_100MB.img,100mb,/copy_212_file2.pdf,deleted,
disk_100MB.img,100mb,/copy_95_pride.txt,corrupted,63ba77e407ad8ed112299fe11aee15138c334cdb160d4fcfb05007e416ef856f
disk_100MB.img,100mb,/copy_148_file2.pdf,keep,f6edcd8a1b4f7cb85486d0c6777f9174eadbc4d1d0d9e5aeba7132f30b34bc3e
disk_100MB.img,100mb,/copy_352_pride.docx,corrupted,c89eb30e7a7fae11358c2a55e3524f825e3202268ca3b25c5dd68f6f1bbb5920
disk_100MB.img,100mb,/copy_164_file2.pdf,keep,f6edcd8a1b4f7cb85486d0c6777f9174eadbc4d1d0d9e5aeba7132f30b34bc3e
disk_100MB.img,100mb,/copy_239_pride.txt,keep,eae7160bb8fa508969f243e9c058a208008785f0a3e6180b0476d42e9660b58b
disk_100MB.img,100mb,/copy_420_file2.pdf,keep,f6edcd8a1b4f7cb85486d0c6777f9174eadbc4d1d0d9e5aeba7132f30b34bc3e
disk_100MB.img,100mb,/copy_190_alice.txt,deleted,
disk_100MB.img,100mb,/copy_104_pride.docx,deleted,
disk_100MB.img,100mb,/copy_76_file2.pdf,keep,f6edcd8a1b4f7cb85486d0c6777f9174eadbc4d1d0d9e5aeba7132f30b34bc3e
disk_100MB.img,100mb,/copy_38_alice.txt,keep,a3a27f8edbf7fcd9b8ba8435494440e24952deaa3e2f2d65192d4cb7ca403754
disk_100MB.img,100mb,/copy_174_alice.txt,keep,a3a27f8edbf7fcd9b8ba8435494440e24952deaa3e2f2d65192d4cb7ca403754
disk_100MB.img,100mb,/copy_168_pride.docx,keep,8f97417834b66a2096f85d404679b71a2aed4fd67a3c5686cc6d8271dab5bab5
disk_100MB.img,100mb,/copy_317_file1.pdf,keep,3df79d34abbca99308e79cb94461c1893582604d68329a41fd4bec1885e6adb4
disk_100MB.img,100mb,/copy_236_file2.pdf,keep,f6edcd8a1b4f7cb85486d0c6777f9174eadbc4d1d0d9e5aeba7132f30b34bc3e
disk_100MB.img,100mb,/copy_381_file1.pdf,keep,3df79d34abbca99308e79cb94461c1893582604d68329a41fd4bec1885e6adb4
disk_100MB.img,100mb,/copy_432_pride.docx,deleted,
disk_100MB.img,100mb,/copy_321_alice.docx,keep,65da0a0dcf6cc66555877a08fc239e8cc08086cd7ea09200795c966d43827ec3
disk_100MB.img,100mb,/copy_417_alice.docx,keep,65da0a0dcf6cc66555877a08fc239e8cc08086cd7ea09200795c966d43827ec3
disk_100MB.img,100mb,/copy_200_pride.docx,keep,8f97417834b66a2096f85d404679b71a2aed4fd67a3c5686cc6d8271dab5bab5
disk_100MB.img,100mb,/copy_134_alice.txt,deleted,
disk_100MB.img,100mb,/copy_278_alice.txt,deleted,
disk_100MB.img,100mb,/copy_102_alice.txt,keep,a3a27f8edbf7fcd9b8ba8435494440e24952deaa3e2f2d65192d4cb7ca403754
disk_100MB.img,100mb,/copy_68_file2.pdf,corrupted,be6df9cd171b3c6195e26928e0054a265971948cf51baf3a58e0dd0478586894
disk_100MB.img,100mb,/copy_367_pride.txt,deleted,
disk_100MB.img,100mb,/copy_5_file1.pdf,keep,3df79d34abbca99308e79cb94461c1893582604d68329a41fd4bec1885e6adb4
disk_100MB.img,100mb,/copy_240_pride.docx,keep,8f97417834b66a2096f85d404679b71a2aed4fd67a3c5686cc6d8271dab5bab5
disk_100MB.img,100mb,/copy_354_file1.jpg,deleted,
disk_100MB.img,100mb,/copy_373_file1.pdf,keep,3df79d34abbca99308e79cb94461c1893582604d68329a41fd4bec1885e6adb4
disk_100MB.img,100mb,/copy_257_alice.docx,keep,65da0a0dcf6cc66555877a08fc239e8cc08086cd7ea09200795c966d43827ec3
disk_100MB.img,100mb,/copy_261_file1.pdf,deleted,
disk_100MB.img,100mb,/copy_182_alice.txt,corrupted,3d1c32addecbd502585e26a1dadfe467897f7242f3e1d3830e651b89e19b2718
disk_100MB.img,100mb,/copy_152_pride.docx,corrupted,c89eb30e7a7fae11358c2a55e3524f825e3202268ca3b25c5dd68f6f1bbb5920
disk_100MB.img,100mb,/copy_331_file2.jpg,keep,c4e870d358d64ce677e958c156d0e3fba466993d8e915fc81c5dc64937a9b696
disk_100MB.img,100mb,/copy_222_alice.txt,keep,a3a27f8edbf7fcd9b8ba8435494440e24952deaa3e2f2d65192d4cb7ca403754
disk_100MB.img,100mb,/copy_130_file1.jpg,keep,9efad1451dbd0053c878d36d82d3c8f1be4a80e0329486cadf3211014f8a8ae4
disk_100MB.img,100mb,/copy_311_pride.txt,corrupted,63ba77e407ad8ed112299fe11aee15138c334cdb160d4fcfb05007e416ef856f
disk_100MB.img,100mb,/copy_100_file2.pdf,keep,f6edcd8a1b4f7cb85486d0c6777f9174eadbc4d1d0d9e5aeba7132f30b34bc3e
disk_100MB.img,100mb,/copy_238_alice.txt,keep,a3a27f8edbf7fcd9b8ba8435494440e24952deaa3e2f2d65192d4cb7ca403754
disk_100MB.img,100mb,/copy_161_alice.docx,deleted,
disk_100MB.img,100mb,/copy_75_file2.jpg,keep,c4e870d358d64ce677e958c156d0e3fba466993d8e915fc81c5dc64937a9b696
disk_100MB.img,100mb,/copy_437_file1.pdf,keep,3df79d34abbca99308e79cb94461c1893582604d68329a41fd4bec1885e6adb4
disk_100MB.img,100mb,/copy_348_file2.pdf,keep,f6edcd8a1b4f7cb85486d0c6777f9174eadbc4d1d0d9e5aeba7132f30b34bc3e
disk_100MB.img,100mb,/copy_118_alice.txt,corrupted,3d1c32addecbd502585e26a1dadfe467897f7242f3e1d3830e651b89e19b2718
disk_100MB.img,100mb,/copy_186_file1.jpg,deleted,
disk_100MB.img,100mb,/copy_362_file1.jpg,keep,9efad1451dbd0053c878d36d82d3c8f1be4a80e0329486cadf3211014f8a8ae4
disk_100MB.img,100mb,/copy_411_file2.jpg,keep,c4e870d358d64ce677e958c156d0e3fba466993d8e915fc81c5dc64937a9b696
disk_100MB.img,100mb,/copy_97_alice.docx,keep,65da0a0dcf6cc66555877a08fc239e8cc08086cd7ea09200795c966d43827ec3
disk_100MB.img,100mb,/copy_87_pride.txt,deleted,
disk_100MB.img,100mb,/copy_308_file2.pdf,keep,f6edcd8a1b4f7cb85486d0c6777f9174eadbc4d1d0d9e5aeba7132f30b34bc3e
disk_100MB.img,100mb,/copy_187_file2.jpg,keep,c4e870d358d64ce677e958c156d0e3fba466993d8e915fc81c5dc64937a9b696
disk_100MB.img,100mb,/copy_320_pride.docx,keep,8f97417834b66a2096f85d404679b71a2aed4fd67a3c5686cc6d8271dab5bab5
disk_100MB.img,100mb,/copy_133_file1.pdf,keep,3df79d34abbca99308e79cb94461c1893582604d68329a41fd4bec1885e6adb4
disk_100MB.img,100mb,/copy_287_pride.txt,keep,eae7160bb8fa508969f243e9c058a208008785f0a3e6180b0476d42e9660b58b
disk_100MB.img,100mb,/copy_124_file2.pdf,corrupted,be6df9cd171b3c6195e26928e0054a265971948cf51baf3a58e0dd0478586894
disk_100MB.img,100mb,/copy_296_pride.docx,keep,8f97417834b66a2096f85d404679b71a2aed4fd67a3c5686cc6d8271dab5bab5
disk_100MB.img,100mb,/copy_262_alice.txt,keep,a3a27f8edbf7fcd9b8ba8435494440e24952deaa3e2f2d65192d4cb7ca403754
disk_100MB.img,100mb,/copy_86_alice.txt,deleted,
disk_100MB.img,100mb,/copy_21_file1.pdf,deleted,
disk_100MB.img,100mb,/copy_414_alice.txt,keep,a3a27f8edbf7fcd9b8ba8435494440e24952deaa3e2f2d65192d4cb7ca403754
disk_100MB.img,100mb,/copy_13_file1.pdf,keep,3df79d34abbca99308e79cb94461c1893582604d68329a41fd4bec1885e6adb4
disk_100MB.img,100mb,/copy_333_file1.pdf,keep,3df79d34abbca99308e79cb94461c1893582604d68329a41fd4bec1885e6adb4
disk_100MB.img,100mb,/copy_183_pride.txt,keep,eae7160bb8fa508969f243e9c058a208008785f0a3e6180b0476d42e9660b58b
disk_100MB.img,100mb,/copy_72_pride.docx,keep,8f97417834b66a2096f85d404679b71a2aed4fd67a3c5686cc6d8271dab5bab5
disk_100MB.img,100mb,/copy_227_file2.jpg,keep,c4e870d358d64ce677e958c156d0e3fba466993d8e915fc81c5dc64937a9b696
disk_100MB.img,100mb,/copy_319_pride.txt,keep,eae7160bb8fa508969f243e9c058a208008785f0a3e6180b0476d42e9660b58b
disk_100MB.img,100mb,/copy_122_file1.jpg,deleted,
disk_100MB.img,100mb,/copy_279_pride.txt,keep,eae7160bb8fa508969f243e9c058a208008785f0a3e6180b0476d42e9660b58b
disk_100MB.img,100mb,/copy_226_file1.jpg,deleted,
disk_100MB.img,100mb,/copy_129_alice.docx,keep,65da0a0dcf6cc66555877a08fc239e8cc08086cd7ea09200795c966d43827ec3
disk_100MB.img,100mb,/copy_379_file2.jpg,keep,c4e870d358d64ce677e958c156d0e3fba466993d8e915fc81c5dc64937a9b696
disk_100MB.img,100mb,/copy_316_file2.pdf,keep,f6edcd8a1b4f7cb85486d0c6777f9174eadbc4d1d0d9e5aeba7132f30b34bc3e
disk_100MB.img,100mb,/copy_185_alice.docx,keep,65da0a0dcf6cc66555877a08fc239e8cc08086cd7ea09200795c966d43827ec3
disk_100MB.img,100mb,/copy_48_pride.docx,deleted,
disk_100MB.img,100mb,/copy_113_alice.docx,keep,65da0a0dcf6cc66555877a08fc239e8cc08086cd7ea09200795c966d43827ec3
disk_100MB.img,100mb,/copy_428_file2.pdf,keep,f6edcd8a1b4f7cb85486d0c6777f9174eadbc4d1d0d9e5aeba7132f30b34bc3e
disk_100MB.img,100mb,/copy_154_file1.jpg,deleted,
disk_100MB.img,100mb,/copy_191_pride.txt,keep,eae7160bb8fa508969f243e9c058a208008785f0a3e6180b0476d42e9660b58b
disk_100MB.img,100mb,/copy_407_pride.txt,keep,eae7160bb8fa508969f243e9c058a208008785f0a3e6180b0476d42e9660b58b
disk_100MB.img,100mb,/copy_19_file2.jpg,keep,c4e870d358d64ce677e958c156d0e3fba466993d8e915fc81c5dc64937a9b696
disk_100MB.img,100mb,/copy_349_file1.pdf,keep,3df79d34abbca99308e79cb94461c1893582604d68329a41fd4bec1885e6adb4
disk_100MB.img,100mb,/copy_334_alice.txt,keep,a3a27f8edbf7fcd9b8ba8435494440e24952deaa3e2f2d65192d4cb7ca403754
disk_100MB.img,100mb,/copy_434_file1.jpg,keep,9efad1451dbd0053c878d36d82d3c8f1be4a80e0329486cadf3211014f8a8ae4
disk_100MB.img,100mb,/copy_198_alice.txt,deleted,
disk_100MB.img,100mb,/copy_71_pride.txt,keep,eae7160bb8fa508969f243e9c058a208008785f0a3e6180b0476d42e9660b58b
disk_100MB.img,100mb,/copy_272_pride.docx,keep,8f97417834b66a2096f85d404679b71a2aed4fd67a3c5686cc6d8271dab5bab5
disk_100MB.img,100mb,/copy_241_alice.docx,keep,65da0a0dcf6cc66555877a08fc239e8cc08086cd7ea09200795c966d43827ec3
disk_100MB.img,100mb,/copy_228_file2.pdf,keep,f6edcd8a1b4f7cb85486d0c6777f9174eadbc4d1d0d9e5aeba7132f30b34bc3e
disk_100MB.img,100mb,/copy_242_file1.jpg,deleted,
disk_100MB.img,100mb,/copy_49_alice.docx,corrupted,0037b335e532f250a1268bf2da50a0820a0cce6c47542834516c950c223ab538
disk_100MB.img,100mb,/copy_371_file2.jpg,keep,c4e870d358d64ce677e958c156d0e3fba466993d8e915fc81c5dc64937a9b696
disk_100MB.img,100mb,/copy_159_pride.txt,deleted,
disk_100MB.img,100mb,/copy_318_alice.txt,deleted,
